avg_d45CO244CO2,time_kl_shift,avg_rd45CO244CO2,fluctanal_prop_r1,walker_propcross,diff2_acf1,sd_d18O13C,avg_rR45CO244CO2,avg_R45CO244CO2,biotic,pred,Analysis,abio_prob,bio_prob
0.983333333333333,2.11666666666667,1.15,4.25,2.03333333333333,5.11666666666667,0.866666666666667,9.16666666666667,0.75,biotic,biotic,2962,0.265079182041821,0.734920817958181
0.1,-0.0833333333333333,0.166666666666667,2.75,-0.75,1.05,1.88333333333333,-3.08333333333333,0.2,biotic,abiotic,5880,0.724526682220487,0.275473317779512
0.133333333333333,0.183333333333333,-0.15,-2.55,0.75,4.51666666666667,-6.6,2.01666666666667,0,abiotic,abiotic,5918,0.68005076231822,0.319949237681779
0.266666666666667,-0.466666666666667,0.0166666666666667,-4.33333333333333,-1.06666666666667,-1.53333333333333,-0.1,-1.96666666666667,0.233333333333333,abiotic,biotic,5933,0.402445924334237,0.597554075665762
