features,scores
avg_rR45CO244CO2,306.581323619522
sd_d18O13C,55.6890469396158
diff2_acf1,17.1228142013106
fluctanal_prop_r1,3.8944886988064
time_kl_shift,8.71118149541348e-05
