features,scores
avg_R45CO244CO2,6137.98133482351
avg_rR45CO244CO2,272.178774645768
diff2_acf1,10.2669647072923
